# hostname;interval;timestamp;kbmemfree;kbmemused;%memused;kbbuffers;kbcached;kbcommit;%commit;kbactive;kbinact;kbdirty
ip-10-145-11-135.us-west-1.compute.internal;60;1439997791;626232;250833328;99.75;0;222492724;29980316;11.92;173000044;70181660;6698204
ip-10-145-11-135.us-west-1.compute.internal;60;1439997851;649744;250809816;99.74;0;213030780;39497184;15.71;166578176;76711524;3562740
ip-10-145-11-135.us-west-1.compute.internal;60;1439997911;649900;250809660;99.74;0;206883232;45828864;18.23;153209476;90227480;2268804
ip-10-145-11-135.us-west-1.compute.internal;60;1439997971;630256;250829304;99.75;0;202323428;50609580;20.13;163864536;79774900;2624944
ip-10-145-11-135.us-west-1.compute.internal;60;1439998031;623168;250836392;99.75;0;196113940;56904624;22.63;166602104;77159164;3597624
ip-10-145-11-135.us-west-1.compute.internal;60;1439998091;660268;250799292;99.74;0;189194784;64002308;25.45;160074124;83778728;4707808
ip-10-145-11-135.us-west-1.compute.internal;60;1439998151;1189816;250269744;99.53;0;184513088;68208844;27.13;166297632;77100296;1402208
ip-10-145-11-135.us-west-1.compute.internal;60;1439998211;654236;250805324;99.74;0;182129080;71154672;28.30;166461844;77538480;2547292
ip-10-145-11-135.us-west-1.compute.internal;60;1439998271;635676;250823884;99.75;0;175578896;77859708;30.96;167006016;77151588;5178596
ip-10-145-11-135.us-west-1.compute.internal;60;1439998331;2485840;248973720;99.01;0;179016284;72447284;28.81;176472220;65865100;1557564
ip-10-145-11-135.us-west-1.compute.internal;60;1439998391;648508;250811052;99.74;0;179297128;74194820;29.51;178968436;65405352;1477624
ip-10-145-11-135.us-west-1.compute.internal;60;1439998451;623596;250835964;99.75;0;179625528;73979968;29.42;185040892;59495240;2186168
ip-10-145-11-135.us-west-1.compute.internal;60;1439998511;606808;250852752;99.76;0;179103916;74657780;29.69;186672388;57944544;882412
ip-10-145-11-135.us-west-1.compute.internal;60;1439998571;625976;250833584;99.75;0;178079608;75737792;30.12;187616352;57116296;1785788
ip-10-145-11-135.us-west-1.compute.internal;60;1439998631;638680;250820880;99.75;0;176862388;77025724;30.63;186154664;58608884;1782420
ip-10-145-11-135.us-west-1.compute.internal;60;1439998691;613168;250846392;99.76;0;181541132;72441152;28.81;189261668;55549848;1484720
ip-10-145-11-135.us-west-1.compute.internal;60;1439998751;625384;250834176;99.75;0;177620968;76330836;30.36;182571296;62247156;1865068
ip-10-145-11-135.us-west-1.compute.internal;60;1439998811;1094468;250365092;99.56;0;174992672;78526048;31.23;192280564;52081600;391712
ip-10-145-11-135.us-west-1.compute.internal;60;1439998871;1078272;250381288;99.57;0;174917216;78556672;31.24;199687328;44707532;412000
ip-10-145-11-135.us-west-1.compute.internal;60;1439998931;42204840;209254720;83.22;0;178452132;33960264;13.51;166260320;37072268;1169236
ip-10-145-11-135.us-west-1.compute.internal;60;1439998991;37442620;214016940;85.11;0;183148376;34046284;13.54;180866292;27256328;691596
ip-10-145-11-135.us-west-1.compute.internal;60;1439999051;32288924;219170636;87.16;0;185975120;36439980;14.49;185815860;27444540;568648
ip-10-145-11-135.us-west-1.compute.internal;60;1439999111;25209232;226250328;89.97;0;190200324;39353376;15.65;190581152;29773740;261348
ip-10-145-11-135.us-west-1.compute.internal;60;1439999171;18203412;233256148;92.76;0;193899348;42651000;16.96;195502712;31840296;191920
ip-10-145-11-135.us-west-1.compute.internal;60;1439999231;12560724;238898836;95.00;0;199925848;42353260;16.84;198007920;34984432;223972
ip-10-145-11-135.us-west-1.compute.internal;60;1439999291;3549380;247910180;98.59;0;204713560;46488380;18.49;206408848;35585124;454700
ip-10-145-11-135.us-west-1.compute.internal;60;1439999351;3140756;248318804;98.75;0;204871748;46708768;18.58;204114872;38289996;599860
ip-10-145-11-135.us-west-1.compute.internal;60;1439999411;1035304;250424256;99.59;0;203903128;49798920;19.80;196193668;48298788;1673760
ip-10-145-11-135.us-west-1.compute.internal;60;1439999471;1967084;249492476;99.22;0;202970832;49732552;19.78;198513236;45041992;2362292
ip-10-145-11-135.us-west-1.compute.internal;60;1439999531;1760516;249699044;99.30;0;200728956;52138568;20.73;203367744;40399012;1426184
ip-10-145-11-135.us-west-1.compute.internal;60;1439999591;867400;250592160;99.66;0;201111608;52644660;20.94;200038420;44633304;1351276
ip-10-145-11-135.us-west-1.compute.internal;60;1439999651;970604;250488956;99.61;0;199354488;54298752;21.59;201399856;43153976;1474704
ip-10-145-11-135.us-west-1.compute.internal;60;1439999711;623272;250836288;99.75;0;197546596;56450884;22.45;199155380;45769456;1531136
ip-10-145-11-135.us-west-1.compute.internal;60;1439999771;4705540;246754020;98.13;0;188724788;61136492;24.31;196776052;44045544;1507696
ip-10-145-11-135.us-west-1.compute.internal;60;1439999831;626208;250833352;99.75;0;189960264;63990692;25.45;203580168;41320280;979956
ip-10-145-11-135.us-west-1.compute.internal;60;1439999891;2546576;248912984;98.99;0;186255556;65864544;26.19;196097192;46902088;1375588
ip-10-145-11-135.us-west-1.compute.internal;60;1439999951;625564;250833996;99.75;0;186771924;67285460;26.76;202928328;42030240;1191104
ip-10-145-11-135.us-west-1.compute.internal;60;1440000011;1032216;250427344;99.59;0;188776188;64888308;25.80;196616588;47961856;2819288
ip-10-145-11-135.us-west-1.compute.internal;60;1440000071;653640;250805920;99.74;0;185795396;68317712;27.17;200155804;44819812;1368584
ip-10-145-11-135.us-west-1.compute.internal;60;1440000131;621232;250838328;99.75;0;184800728;69364752;27.58;197375716;47619236;1716316
ip-10-145-11-135.us-west-1.compute.internal;60;1440000191;617708;250841852;99.75;0;183134412;71060016;28.26;198360744;46647736;1361016
ip-10-145-11-135.us-west-1.compute.internal;60;1440000251;631872;250827688;99.75;0;178213012;75970552;30.21;194803984;50173024;2262164
ip-10-145-11-135.us-west-1.compute.internal;60;1440000311;621824;250837736;99.75;0;175546312;78619152;31.27;192192692;52810296;2328600
ip-10-145-11-135.us-west-1.compute.internal;60;1440000371;633104;250826456;99.75;0;174416632;79784640;31.73;187219872;57782712;1196932
ip-10-145-11-135.us-west-1.compute.internal;60;1440000431;2468860;248990700;99.02;0;173585792;78766864;31.32;195155880;48039696;870620
ip-10-145-11-135.us-west-1.compute.internal;60;1440000491;653464;250806096;99.74;0;174009492;80117784;31.86;199300432;45713536;739568
ip-10-145-11-135.us-west-1.compute.internal;60;1440000551;4134504;247325056;98.36;0;168040988;82583104;32.84;194642084;46912632;1446576
ip-10-145-11-135.us-west-1.compute.internal;60;1440000611;29765884;221693676;88.16;0;169522584;55426860;22.04;174203524;41745440;688352
ip-10-145-11-135.us-west-1.compute.internal;60;1440000671;16711120;234748440;93.35;0;178812544;59184344;23.54;201182576;27778228;2531136
ip-10-145-11-135.us-west-1.compute.internal;60;1440000731;7564528;243895032;96.99;0;186676692;60552580;24.08;210379196;27738116;682108
ip-10-145-11-135.us-west-1.compute.internal;60;1440000791;668584;250790976;99.73;0;190739812;63370432;25.20;212048188;32977236;1207476
ip-10-145-11-135.us-west-1.compute.internal;60;1440000851;1414260;250045300;99.44;0;190575172;62827836;24.99;204664648;39605264;1170520
ip-10-145-11-135.us-west-1.compute.internal;60;1440000911;650656;250808904;99.74;0;190327640;63822232;25.38;204166616;40887528;795460
ip-10-145-11-135.us-west-1.compute.internal;60;1440000971;623548;250836012;99.75;0;186225728;67962268;27.03;204105800;40952944;695032
ip-10-145-11-135.us-west-1.compute.internal;60;1440001031;807968;250651592;99.68;0;184230164;69759056;27.74;205420084;39472000;718312
ip-10-145-11-135.us-west-1.compute.internal;60;1440001091;617812;250841748;99.75;0;180146588;74062944;29.45;204403268;40673604;1049128
ip-10-145-11-135.us-west-1.compute.internal;60;1440001151;623384;250836176;99.75;0;173936956;80247148;31.91;197783796;47266084;2116752
ip-10-145-11-135.us-west-1.compute.internal;60;1440001211;634532;250825028;99.75;0;171117660;83006052;33.01;202219360;42829760;867828
ip-10-145-11-135.us-west-1.compute.internal;60;1440001271;652836;250806724;99.74;0;166159432;87971444;34.98;201106196;43943284;396852
ip-10-145-11-135.us-west-1.compute.internal;60;1440001331;1068680;250390880;99.58;0;162391920;91286676;36.30;200663696;43965284;92512
ip-10-145-11-135.us-west-1.compute.internal;60;1440001391;2184776;249274784;99.13;0;157488520;95075912;37.81;197676428;45869844;1486048
ip-10-145-11-135.us-west-1.compute.internal;60;1440001451;643760;250815800;99.74;0;156729356;97538872;38.79;203720788;41395976;107560
ip-10-145-11-135.us-west-1.compute.internal;60;1440001511;635284;250824276;99.75;0;155073724;99221944;39.46;205060436;40086080;188196
ip-10-145-11-135.us-west-1.compute.internal;60;1440001571;627112;250832448;99.75;0;153526124;100822048;40.09;200860204;44316380;158720
ip-10-145-11-135.us-west-1.compute.internal;60;1440001631;640928;250818632;99.75;0;151998160;102337264;40.70;201442936;43726492;48432
ip-10-145-11-135.us-west-1.compute.internal;60;1440001691;637988;250821572;99.75;0;151072180;103287612;41.08;197926600;47279008;171800
ip-10-145-11-135.us-west-1.compute.internal;60;1440001751;631212;250828348;99.75;0;148361532;106049960;42.17;201199600;44053508;220152
ip-10-145-11-135.us-west-1.compute.internal;60;1440001811;14784632;236674928;94.12;0;148071632;92221672;36.67;187810404;43344260;191032
ip-10-145-11-135.us-west-1.compute.internal;60;1440001871;634368;250825192;99.75;0;161564932;92894916;36.94;208664348;36651516;70884
ip-10-145-11-135.us-west-1.compute.internal;60;1440001931;655020;250804540;99.74;0;156667656;97850256;38.91;200667608;44663180;513520
ip-10-145-11-135.us-west-1.compute.internal;60;1440001991;615720;250843840;99.76;0;154304384;100266412;39.87;201082180;44311068;239920
ip-10-145-11-135.us-west-1.compute.internal;60;1440002051;639304;250820256;99.75;0;153227252;101349624;40.30;202080568;43341984;50928
ip-10-145-11-135.us-west-1.compute.internal;60;1440002111;29104132;222355428;88.43;0;158446156;67637704;26.90;187763732;29239432;503256
ip-10-145-11-135.us-west-1.compute.internal;60;1440002171;13007320;238452240;94.83;0;170083968;72149236;28.69;208149564;24961344;1143480
ip-10-145-11-135.us-west-1.compute.internal;60;1440002231;2056568;249402992;99.18;0;179446856;73714700;29.31;219543036;24527692;2095320
ip-10-145-11-135.us-west-1.compute.internal;60;1440002291;634668;250824892;99.75;0;176431156;78205188;31.10;209960120;35522712;83216
ip-10-145-11-135.us-west-1.compute.internal;60;1440002351;635392;250824168;99.75;0;173042616;81548724;32.43;212508116;32968440;135568
ip-10-145-11-135.us-west-1.compute.internal;60;1440002411;665872;250793688;99.74;0;169658748;85013528;33.81;207802392;37677364;270568
ip-10-145-11-135.us-west-1.compute.internal;60;1440002471;628452;250831108;99.75;0;167760892;86910484;34.56;198844812;46691280;1574168
ip-10-145-11-135.us-west-1.compute.internal;60;1440002531;856932;250602628;99.66;0;164176316;90353840;35.93;198344656;46946912;1449968
ip-10-145-11-135.us-west-1.compute.internal;60;1440002591;1362448;250097112;99.46;0;161957984;92088548;36.62;204341084;40446400;566756
ip-10-145-11-135.us-west-1.compute.internal;60;1440002651;14421304;237038256;94.26;0;160768016;80212280;31.90;192946404;38808192;415936
ip-10-145-11-135.us-west-1.compute.internal;60;1440002711;12291900;239167660;95.11;0;177827352;65310616;25.97;197923216;35992248;1875372
ip-10-145-11-135.us-west-1.compute.internal;60;1440002771;625936;250833624;99.75;0;188868116;66010356;26.25;193649432;51942372;1945280
ip-10-145-11-135.us-west-1.compute.internal;60;1440002831;623776;250835784;99.75;0;187471312;67434992;26.82;192173680;53409544;1264824
ip-10-145-11-135.us-west-1.compute.internal;60;1440002891;4997928;246461632;98.01;0;187512108;62964872;25.04;189477644;51755988;747060
ip-10-145-11-135.us-west-1.compute.internal;60;1440002951;2004160;249455400;99.20;0;193973420;59365768;23.61;199647508;44574712;745400
ip-10-145-11-135.us-west-1.compute.internal;60;1440003011;4912784;246546776;98.05;0;193708924;56642148;22.53;200445132;40870992;1219856
ip-10-145-11-135.us-west-1.compute.internal;60;1440003071;650848;250808712;99.74;0;196082092;58638644;23.32;195840732;49750308;2102688
ip-10-145-11-135.us-west-1.compute.internal;60;1440003131;659572;250799988;99.74;0;195932428;58654968;23.33;193202040;52392408;1562036
ip-10-145-11-135.us-west-1.compute.internal;60;1440003191;645120;250814440;99.74;0;195068108;59640296;23.72;195969132;49648080;1230364
ip-10-145-11-135.us-west-1.compute.internal;60;1440003251;632468;250827092;99.75;0;196810552;57874544;23.02;199926040;45697488;845212
ip-10-145-11-135.us-west-1.compute.internal;60;1440003311;622380;250837180;99.75;0;194185864;60540244;24.08;197923472;47702488;578856
ip-10-145-11-135.us-west-1.compute.internal;60;1440003371;624204;250835356;99.75;0;192817800;61878280;24.61;202711392;42890564;1131640
ip-10-145-11-135.us-west-1.compute.internal;60;1440003431;8435512;243024048;96.65;0;197564528;49384172;19.64;199616352;38225344;1795224
ip-10-145-11-135.us-west-1.compute.internal;60;1440003491;632008;250827552;99.75;0;203952848;50808548;20.21;201224740;44400268;1421872
ip-10-145-11-135.us-west-1.compute.internal;60;1440003551;15931356;235528204;93.66;0;203029200;36396732;14.47;187579620;42784716;1346456
ip-10-145-11-135.us-west-1.compute.internal;60;1440003611;4962628;246496932;98.03;0;211491608;38901800;15.47;202316992;39001844;1237420
ip-10-145-11-135.us-west-1.compute.internal;60;1440003671;2743940;248715620;98.91;0;213489436;39034316;15.52;195643024;47889084;1263912
ip-10-145-11-135.us-west-1.compute.internal;60;1440003731;816324;250643236;99.68;0;213869236;40664420;16.17;201364852;44121768;399576
ip-10-145-11-135.us-west-1.compute.internal;60;1440003791;4509496;246950064;98.21;0;209157780;41672920;16.57;196631308;45144416;286464
ip-10-145-11-135.us-west-1.compute.internal;60;1440003851;635836;250823724;99.75;0;211552600;43183876;17.17;201918168;43755076;826564
ip-10-145-11-135.us-west-1.compute.internal;60;1440003911;650392;250809168;99.74;0;208516280;46184972;18.37;200273916;45365924;693500
ip-10-145-11-135.us-west-1.compute.internal;60;1440003971;655328;250804232;99.74;0;208504804;46209316;18.38;199932740;45709436;108336
ip-10-145-11-135.us-west-1.compute.internal;60;1440004031;643376;250816184;99.74;0;203309768;51477812;20.47;198219596;47403664;314692
ip-10-145-11-135.us-west-1.compute.internal;60;1440004091;634008;250825552;99.75;0;200052188;54797888;21.79;202383504;43244484;319628
ip-10-145-11-135.us-west-1.compute.internal;60;1440004151;634940;250824620;99.75;0;196265556;58526852;23.27;201205384;44420196;661880
ip-10-145-11-135.us-west-1.compute.internal;60;1440004211;642120;250817440;99.74;0;193323816;61509416;24.46;205524292;40112972;404280
ip-10-145-11-135.us-west-1.compute.internal;60;1440004271;1639104;249820456;99.35;0;188910664;64934100;25.82;206148956;38452628;44832
ip-10-145-11-135.us-west-1.compute.internal;60;1440004331;908488;250551072;99.64;0;189568548;64948968;25.83;210221164;35130056;90624
ip-10-145-11-135.us-west-1.compute.internal;60;1440004391;1341184;250118376;99.47;0;185624932;68478800;27.23;203027364;41881904;240328
ip-10-145-11-135.us-west-1.compute.internal;60;1440004451;2646196;248813364;98.95;0;183337912;69431456;27.61;206398860;37203464;1197280
ip-10-145-11-135.us-west-1.compute.internal;60;1440004511;640004;250819556;99.75;0;180828752;73950248;29.41;201065960;44530284;1694076
ip-10-145-11-135.us-west-1.compute.internal;60;1440004571;613368;250846192;99.76;0;180701388;74053052;29.45;208232112;37403976;793240
ip-10-145-11-135.us-west-1.compute.internal;60;1440004631;637848;250821712;99.75;0;178639024;76153200;30.28;202090176;43514976;1522612
ip-10-145-11-135.us-west-1.compute.internal;60;1440004691;707656;250751904;99.72;0;174040672;80656816;32.08;198846636;46691780;1258076
ip-10-145-11-135.us-west-1.compute.internal;60;1440004751;619716;250839844;99.75;0;172897144;81773384;32.52;202503328;43129648;1771852
ip-10-145-11-135.us-west-1.compute.internal;60;1440004811;632912;250826648;99.75;0;168070908;86635064;34.45;197909368;47707496;940752
ip-10-145-11-135.us-west-1.compute.internal;60;1440004871;621908;250837652;99.75;0;164775164;89868728;35.74;203142108;42489000;617504
ip-10-145-11-135.us-west-1.compute.internal;60;1440004931;639712;250819848;99.75;0;163681168;91002624;36.19;202219796;43404388;1441736
ip-10-145-11-135.us-west-1.compute.internal;60;1440004991;946804;250512756;99.62;0;164015596;90392020;35.95;201574560;43780400;1141512
ip-10-145-11-135.us-west-1.compute.internal;60;1440005051;639832;250819728;99.75;0;163876988;90873124;36.14;201916908;43774336;424236
ip-10-145-11-135.us-west-1.compute.internal;60;1440005111;630636;250828924;99.75;0;165102552;89657848;35.65;201942572;43771032;102064
ip-10-145-11-135.us-west-1.compute.internal;60;1440005171;4645464;246814096;98.15;0;163403860;87377572;34.75;200937724;40811960;119252
ip-10-145-11-135.us-west-1.compute.internal;60;1440005231;7948236;243511324;96.84;0;173358288;74100680;29.47;211307792;27149840;716392
ip-10-145-11-135.us-west-1.compute.internal;60;1440005291;698160;250761400;99.72;0;179809372;75104964;29.87;214317876;31394100;222832
ip-10-145-11-135.us-west-1.compute.internal;60;1440005351;1031168;250428392;99.59;0;180026872;74380876;29.58;207125084;38264120;1094088
ip-10-145-11-135.us-west-1.compute.internal;60;1440005411;635628;250823932;99.75;0;179143036;75686988;30.10;204610096;41177672;1730620
ip-10-145-11-135.us-west-1.compute.internal;60;1440005471;627228;250832332;99.75;0;178537796;76267004;30.33;209550568;36217352;1252948
ip-10-145-11-135.us-west-1.compute.internal;60;1440005531;742204;250717356;99.70;0;177590360;77164628;30.69;210157320;35533120;536840
ip-10-145-11-135.us-west-1.compute.internal;60;1440005591;5490148;245969412;97.82;0;186034956;63989820;25.45;211356884;29602252;695700
ip-10-145-11-135.us-west-1.compute.internal;60;1440005651;630668;250828892;99.75;0;189259964;65591172;26.08;203000004;42805316;819552
ip-10-145-11-135.us-west-1.compute.internal;60;1440005711;626372;250833188;99.75;0;190763948;64081512;25.48;207175444;38659516;1343620
ip-10-145-11-135.us-west-1.compute.internal;60;1440005771;28514196;222945364;88.66;0;191133752;35820044;14.24;180438220;37548860;1268352
ip-10-145-11-135.us-west-1.compute.internal;60;1440005831;17107784;234351776;93.20;0;201088976;37345804;14.85;194105740;35282168;1401840
ip-10-145-11-135.us-west-1.compute.internal;60;1440005891;13518708;237940852;94.62;0;205253948;36754036;14.62;195556484;37440408;512724
ip-10-145-11-135.us-west-1.compute.internal;60;1440005951;2724568;248734992;98.92;0;212613344;40165120;15.97;201864440;41911044;1296608
ip-10-145-11-135.us-west-1.compute.internal;60;1440006011;866396;250593164;99.66;0;213565880;41124128;16.35;195498244;50138840;784360
ip-10-145-11-135.us-west-1.compute.internal;60;1440006071;634660;250824900;99.75;0;213474384;41451548;16.48;195791928;50078432;612896
ip-10-145-11-135.us-west-1.compute.internal;60;1440006131;1299016;250160544;99.48;0;212310836;41896688;16.66;192487248;52687064;448868
ip-10-145-11-135.us-west-1.compute.internal;60;1440006191;659440;250800120;99.74;0;210419544;44479580;17.69;192130596;53711200;1109752
ip-10-145-11-135.us-west-1.compute.internal;60;1440006251;605136;250854424;99.76;0;209951016;45033892;17.91;192794000;53078640;275724
ip-10-145-11-135.us-west-1.compute.internal;60;1440006311;649820;250809740;99.74;0;207118040;47800976;19.01;193629120;52193724;230392
ip-10-145-11-135.us-west-1.compute.internal;60;1440006371;738220;250721340;99.71;0;206216716;48606792;19.33;198465228;47294336;376516
ip-10-145-11-135.us-west-1.compute.internal;60;1440006431;751316;250708244;99.70;0;204361000;50493388;20.08;199014716;46717980;1397828
ip-10-145-11-135.us-west-1.compute.internal;60;1440006491;2843272;248616288;98.87;0;204206552;48443660;19.26;206537044;37083708;253272
ip-10-145-11-135.us-west-1.compute.internal;60;1440006551;1126580;250332980;99.55;0;206347896;48026024;19.10;204827864;40515636;219944
ip-10-145-11-135.us-west-1.compute.internal;60;1440006611;825556;250634004;99.67;0;206411432;48229436;19.18;200016616;45625660;567820
ip-10-145-11-135.us-west-1.compute.internal;60;1440006671;2082224;249377336;99.17;0;206089140;47306040;18.81;202454620;41943856;441860
ip-10-145-11-135.us-west-1.compute.internal;60;1440006731;4226680;247232880;98.32;0;204433604;46800328;18.61;199540412;42704836;202204
ip-10-145-11-135.us-west-1.compute.internal;60;1440006791;4388900;247070660;98.25;0;205315976;45747172;18.19;204713096;37371416;1058944
ip-10-145-11-135.us-west-1.compute.internal;60;1440006851;1162976;250296584;99.54;0;207971172;46317400;18.42;201613184;43702756;930004
ip-10-145-11-135.us-west-1.compute.internal;60;1440006911;1128688;250330872;99.55;0;208651236;45682344;18.17;202172436;43184368;1678424
ip-10-145-11-135.us-west-1.compute.internal;60;1440006971;1162236;250297324;99.54;0;208594596;45763748;18.20;201209976;44105236;1376896
ip-10-145-11-135.us-west-1.compute.internal;60;1440007031;630680;250828880;99.75;0;206989860;47987024;19.08;196625036;49217008;1075752
ip-10-145-11-135.us-west-1.compute.internal;60;1440007091;649416;250810144;99.74;0;206534324;48429320;19.26;192637228;53192676;3115976
ip-10-145-11-135.us-west-1.compute.internal;60;1440007151;786920;250672640;99.69;0;204681964;50198416;19.96;199174064;46535800;731760
ip-10-145-11-135.us-west-1.compute.internal;60;1440007211;661100;250798460;99.74;0;206683648;48379788;19.24;203317712;42500228;594336
ip-10-145-11-135.us-west-1.compute.internal;60;1440007271;10689456;240770104;95.75;0;212584468;32450004;12.90;198287148;37526236;560976
ip-10-145-11-135.us-west-1.compute.internal;60;1440007331;9670624;241788936;96.15;0;213565216;32474440;12.91;201244484;35598256;2115824
ip-10-145-11-135.us-west-1.compute.internal;60;1440007391;5073436;246386124;97.98;0;218059124;32645156;12.98;204932660;36485736;1269376
ip-10-145-11-135.us-west-1.compute.internal;60;1440007451;2549780;248909780;98.99;0;220015528;33142376;13.18;200186360;43755932;1979804
ip-10-145-11-135.us-west-1.compute.internal;60;1440007511;1883392;249576168;99.25;0;221632836;32142200;12.78;198919384;45704668;2628548
ip-10-145-11-135.us-west-1.compute.internal;60;1440007571;3547512;247912048;98.59;0;219956104;32187536;12.80;207785948;35196612;2010360
ip-10-145-11-135.us-west-1.compute.internal;60;1440007631;3698648;247760912;98.53;0;222426552;29486404;11.73;207089776;35735548;1102780
ip-10-145-11-135.us-west-1.compute.internal;60;1440007691;650272;250809288;99.74;0;223642592;31330092;12.46;203320980;42558700;632024
ip-10-145-11-135.us-west-1.compute.internal;60;1440007751;1360208;250099352;99.46;0;223191852;31050380;12.35;203589248;41569600;605308
ip-10-145-11-135.us-west-1.compute.internal;60;1440007811;2796980;248662580;98.89;0;222165064;30613472;12.17;208474964;35234876;1696848
ip-10-145-11-135.us-west-1.compute.internal;60;1440007871;3069316;248390244;98.78;0;222820268;29630740;11.78;207196984;36222100;988052
ip-10-145-11-135.us-west-1.compute.internal;60;1440007931;616836;250842724;99.75;0;222679560;32267864;12.83;201880676;44015668;909108
ip-10-145-11-135.us-west-1.compute.internal;60;1440007991;620964;250838596;99.75;0;220775128;34181264;13.59;203704508;42194764;352572
ip-10-145-11-135.us-west-1.compute.internal;60;1440008051;2861984;248597576;98.86;0;217326376;35360812;14.06;202307952;41351972;662136
ip-10-145-11-135.us-west-1.compute.internal;60;1440008111;720200;250739360;99.71;0;218250888;36681272;14.59;204108884;41676208;586716
ip-10-145-11-135.us-west-1.compute.internal;60;1440008171;630648;250828912;99.75;0;216906248;38059204;15.14;201225008;44642412;447044
ip-10-145-11-135.us-west-1.compute.internal;60;1440008231;6559892;244899668;97.39;0;212829288;36236876;14.41;205038052;34936144;127688
ip-10-145-11-135.us-west-1.compute.internal;60;1440008291;2379244;249080316;99.05;0;215459988;37684240;14.99;210174584;33965008;2035852
ip-10-145-11-135.us-west-1.compute.internal;60;1440008351;889640;250569920;99.65;0;213519748;41249524;16.40;205168560;40444884;478480
ip-10-145-11-135.us-west-1.compute.internal;60;1440008411;2238764;249220796;99.11;0;211587112;41811592;16.63;204296268;39981472;456816
ip-10-145-11-135.us-west-1.compute.internal;60;1440008471;635748;250823812;99.75;0;210454380;44566420;17.72;209129100;36737884;421496
ip-10-145-11-135.us-west-1.compute.internal;60;1440008531;661928;250797632;99.74;0;206567756;48353488;19.23;205717592;40127992;369664
ip-10-145-11-135.us-west-1.compute.internal;60;1440008591;2794220;248665340;98.89;0;202944948;49804436;19.81;205900684;37782468;404644
ip-10-145-11-135.us-west-1.compute.internal;60;1440008651;614664;250844896;99.76;0;201642620;53307684;21.20;201898852;43960120;394988
ip-10-145-11-135.us-west-1.compute.internal;60;1440008711;695376;250764184;99.72;0;199656600;55209836;21.96;201749116;44026528;923012
ip-10-145-11-135.us-west-1.compute.internal;60;1440008771;701536;250758024;99.72;0;198127840;56738212;22.56;201337148;44456840;1530196
ip-10-145-11-135.us-west-1.compute.internal;60;1440008831;1056392;250403168;99.58;0;197069772;57386256;22.82;209483856;35943480;605256
ip-10-145-11-135.us-west-1.compute.internal;60;1440008891;2482524;248977036;99.01;0;194994440;58115500;23.11;210711724;33304704;780836
ip-10-145-11-135.us-west-1.compute.internal;60;1440008951;1083968;250375592;99.57;0;193308808;61220716;24.35;209271456;36115252;215392
ip-10-145-11-135.us-west-1.compute.internal;60;1440009011;1746700;249712860;99.31;0;191785972;62046144;24.67;213729884;30978432;521288
ip-10-145-11-135.us-west-1.compute.internal;60;1440009071;612164;250847396;99.76;0;192238272;62747896;24.95;214194624;31659456;418724
ip-10-145-11-135.us-west-1.compute.internal;60;1440009131;739640;250719920;99.71;0;189402688;65549212;26.07;210541432;35190648;255148
ip-10-145-11-135.us-west-1.compute.internal;60;1440009191;648676;250810884;99.74;0;186857156;68227096;27.13;211943704;33879600;313056
ip-10-145-11-135.us-west-1.compute.internal;60;1440009251;618340;250841220;99.75;0;184949960;70148864;27.90;209936672;35900936;600528
ip-10-145-11-135.us-west-1.compute.internal;60;1440009311;626596;250832964;99.75;0;185313772;69751556;27.74;210435808;35400792;582572
ip-10-145-11-135.us-west-1.compute.internal;60;1440009371;2673704;248785856;98.94;0;183116440;69960460;27.82;214657876;29147832;448180
ip-10-145-11-135.us-west-1.compute.internal;60;1440009431;905860;250553700;99.64;0;184889000;69981448;27.83;224336676;21225252;575852
ip-10-145-11-135.us-west-1.compute.internal;60;1440009491;622604;250836956;99.75;0;180523196;74712224;29.71;210398824;35439116;412300
ip-10-145-11-135.us-west-1.compute.internal;60;1440009551;632340;250827220;99.75;0;175985656;79152508;31.48;206759764;39064604;580252
ip-10-145-11-135.us-west-1.compute.internal;60;1440009611;1792120;249667440;99.29;0;173329304;80715472;32.10;209934500;34746024;502816
ip-10-145-11-135.us-west-1.compute.internal;60;1440009671;5673380;245786180;97.74;0;182850068;67310628;26.77;214883872;25939028;474800
ip-10-145-11-135.us-west-1.compute.internal;60;1440009731;1964864;249494696;99.22;0;186124980;67653148;26.90;216276976;28270236;510456
ip-10-145-11-135.us-west-1.compute.internal;60;1440009791;617900;250841660;99.75;0;183275360;71771520;28.54;205473492;40415924;1032324
ip-10-145-11-135.us-west-1.compute.internal;60;1440009851;622052;250837508;99.75;0;181467768;73555292;29.25;203471972;42425572;3340736
ip-10-145-11-135.us-west-1.compute.internal;60;1440009911;619012;250840548;99.75;0;183284664;71816176;28.56;214985256;30901832;433104
ip-10-145-11-135.us-west-1.compute.internal;60;1440009971;17589660;233869900;93.00;0;182551936;55554704;22.09;191405128;37530676;222956
ip-10-145-11-135.us-west-1.compute.internal;60;1440010031;6298008;245161552;97.50;0;190428248;59140716;23.52;214569812;25679744;493340
ip-10-145-11-135.us-west-1.compute.internal;60;1440010091;653336;250806224;99.74;0;193842248;61296652;24.38;212765280;33122444;370040
ip-10-145-11-135.us-west-1.compute.internal;60;1440010151;625316;250834244;99.75;0;192645900;62453008;24.84;210876532;35025676;331436
ip-10-145-11-135.us-west-1.compute.internal;60;1440010211;1879044;249580516;99.25;0;191289984;62619012;24.90;211507864;33141664;189672
ip-10-145-11-135.us-west-1.compute.internal;60;1440010271;671428;250788132;99.73;0;192392680;62710756;24.94;210672816;35203924;95808
ip-10-145-11-135.us-west-1.compute.internal;60;1440010331;652740;250806820;99.74;0;192900876;62174080;24.73;211375048;34493348;702664
ip-10-145-11-135.us-west-1.compute.internal;60;1440010391;1205448;250254112;99.52;0;194116668;60392412;24.02;217487956;27857312;784224
ip-10-145-11-135.us-west-1.compute.internal;60;1440010451;619540;250840020;99.75;0;194896492;60161736;23.93;212646696;33293976;612296
ip-10-145-11-135.us-west-1.compute.internal;60;1440010511;4224644;247234916;98.32;0;194289700;57121036;22.72;215869716;26460996;911044
ip-10-145-11-135.us-west-1.compute.internal;60;1440010571;13419960;238039600;94.66;0;196664016;45677160;18.16;210432244;22714248;119392
ip-10-145-11-135.us-west-1.compute.internal;60;1440010631;6975616;244483944;97.23;0;199696548;49021928;19.49;221563424;18031368;364876
ip-10-145-11-135.us-west-1.compute.internal;60;1440010691;620880;250838680;99.75;0;202671636;52361804;20.82;225613156;20315804;469820
ip-10-145-11-135.us-west-1.compute.internal;60;1440010751;982340;250477220;99.61;0;199162272;55503668;22.07;212315744;33240612;269684
ip-10-145-11-135.us-west-1.compute.internal;60;1440010811;658936;250800624;99.74;0;197314788;57712084;22.95;215563604;30337996;189444
ip-10-145-11-135.us-west-1.compute.internal;60;1440010871;639136;250820424;99.75;0;195221364;59810144;23.79;214211596;31692608;238240
ip-10-145-11-135.us-west-1.compute.internal;60;1440010931;1811508;249648052;99.28;0;193520440;60280904;23.97;209166176;35555460;883492
ip-10-145-11-135.us-west-1.compute.internal;60;1440010991;656328;250803232;99.74;0;191746188;63230296;25.15;201950072;43945812;1456864
ip-10-145-11-135.us-west-1.compute.internal;60;1440011051;3996668;247462892;98.41;0;187760872;63783260;25.37;200469488;42053100;985152
ip-10-145-11-135.us-west-1.compute.internal;60;1440011111;617224;250842336;99.75;0;191361188;63590524;25.29;208091608;37834852;1002860
ip-10-145-11-135.us-west-1.compute.internal;60;1440011171;6268836;245190724;97.51;0;198094776;51204384;20.36;206721700;33571020;595072
ip-10-145-11-135.us-west-1.compute.internal;60;1440011231;632796;250826764;99.75;0;202244476;52755276;20.98;207008160;38932828;604392
ip-10-145-11-135.us-west-1.compute.internal;60;1440011291;628948;250830612;99.75;0;199831908;55162868;21.94;202490684;43445940;1070448
ip-10-145-11-135.us-west-1.compute.internal;60;1440011351;622108;250837452;99.75;0;197133940;57877616;23.02;201708692;44231060;1738032
ip-10-145-11-135.us-west-1.compute.internal;60;1440011411;1309344;250150216;99.48;0;196451884;57841224;23.00;203643776;41618684;1407140
ip-10-145-11-135.us-west-1.compute.internal;60;1440011471;879600;250579960;99.65;0;195932260;58831500;23.40;199264288;46436976;1530468
ip-10-145-11-135.us-west-1.compute.internal;60;1440011531;647156;250812404;99.74;0;195700720;59383136;23.62;203742512;42202208;537008
ip-10-145-11-135.us-west-1.compute.internal;60;1440011591;1918124;249541436;99.24;0;195854624;57922544;23.03;206225652;38479752;1599368
ip-10-145-11-135.us-west-1.compute.internal;60;1440011651;638728;250820832;99.75;0;197384608;57693964;22.94;204243620;41749116;403060
ip-10-145-11-135.us-west-1.compute.internal;60;1440011711;626568;250832992;99.75;0;197156552;57915924;23.03;202673012;43313584;879080
ip-10-145-11-135.us-west-1.compute.internal;60;1440011771;628884;250830676;99.75;0;196257060;58815496;23.39;202978760;43015416;662864
ip-10-145-11-135.us-west-1.compute.internal;60;1440011831;1907912;249551648;99.24;0;196026780;57750220;22.97;210270328;34449140;255468
ip-10-145-11-135.us-west-1.compute.internal;60;1440011891;643300;250816260;99.74;0;197419660;57648008;22.93;208170540;37810948;40172
ip-10-145-11-135.us-west-1.compute.internal;60;1440011951;622448;250837112;99.75;0;198042596;57077076;22.70;213572608;32433108;515948
ip-10-145-11-135.us-west-1.compute.internal;60;1440012011;661620;250797940;99.74;0;196476536;58617396;23.31;208788868;37187724;460960
ip-10-145-11-135.us-west-1.compute.internal;60;1440012071;1042516;250417044;99.59;0;196264040;58434648;23.24;211357852;34242640;316688
ip-10-145-11-135.us-west-1.compute.internal;60;1440012131;1979528;249480032;99.21;0;195788216;57965388;23.05;210256840;34411064;1164440
ip-10-145-11-135.us-west-1.compute.internal;60;1440012191;619968;250839592;99.75;0;197751972;57282416;22.78;209868840;36141304;2289152
ip-10-145-11-135.us-west-1.compute.internal;60;1440012251;28948604;222510956;88.49;0;198566380;28276416;11.24;179311172;38432556;566780
ip-10-145-11-135.us-west-1.compute.internal;60;1440012311;24475356;226984204;90.27;0;203148976;28128912;11.19;187085376;35128028;1202340
ip-10-145-11-135.us-west-1.compute.internal;60;1440012371;20335656;231123904;91.91;0;207678644;27713724;11.02;191499060;34854244;872668
ip-10-145-11-135.us-west-1.compute.internal;60;1440012431;15751288;235708272;93.74;0;211665260;28327100;11.27;195776412;35162704;604656
ip-10-145-11-135.us-west-1.compute.internal;60;1440012491;11409296;240050264;95.46;0;214799728;29541480;11.75;199290008;35985672;461768
ip-10-145-11-135.us-west-1.compute.internal;60;1440012551;7494000;243965560;97.02;0;217900180;30372340;12.08;202184984;37010144;461812
ip-10-145-11-135.us-west-1.compute.internal;60;1440012611;1724636;249734924;99.31;0;220709676;33334672;13.26;207383136;37575392;1072656
ip-10-145-11-135.us-west-1.compute.internal;60;1440012671;629628;250829932;99.75;0;220163852;34974204;13.91;199063784;46982208;1049264
ip-10-145-11-135.us-west-1.compute.internal;60;1440012731;5107836;246351724;97.97;0;216272860;34336476;13.65;196155472;45400152;624848
ip-10-145-11-135.us-west-1.compute.internal;60;1440012791;618756;250840804;99.75;0;217809804;37301852;14.83;198631932;47431452;769820
ip-10-145-11-135.us-west-1.compute.internal;60;1440012851;2004520;249455040;99.20;0;215120628;38562788;15.34;201673588;43010332;832440
ip-10-145-11-135.us-west-1.compute.internal;60;1440012911;626440;250833120;99.75;0;215220864;39820336;15.84;198734196;47309748;1304916
ip-10-145-11-135.us-west-1.compute.internal;60;1440012971;681120;250778440;99.73;0;213566052;41442276;16.48;199142192;46844508;1314372
ip-10-145-11-135.us-west-1.compute.internal;60;1440013031;3118360;248341200;98.76;0;208055440;44495228;17.69;198880372;44640596;1531156
ip-10-145-11-135.us-west-1.compute.internal;60;1440013091;640944;250818616;99.75;0;210441344;44616372;17.74;200437580;45585160;1742340
ip-10-145-11-135.us-west-1.compute.internal;60;1440013151;624464;250835096;99.75;0;206548244;48497464;19.29;199176764;46855076;1471488
ip-10-145-11-135.us-west-1.compute.internal;60;1440013211;623152;250836408;99.75;0;201327048;53749400;21.37;195715520;50315680;1652124
ip-10-145-11-135.us-west-1.compute.internal;60;1440013271;670584;250788976;99.73;0;197492680;57498388;22.87;189581796;56386256;1818472
ip-10-145-11-135.us-west-1.compute.internal;60;1440013331;650028;250809532;99.74;0;194540496;60463732;24.05;189146616;56840704;597976
ip-10-145-11-135.us-west-1.compute.internal;60;1440013391;646836;250812724;99.74;0;191259392;63779324;25.36;196548848;49438332;1308196
ip-10-145-11-135.us-west-1.compute.internal;60;1440013451;631944;250827616;99.75;0;186987544;68132104;27.09;200635872;45347720;816716
ip-10-145-11-135.us-west-1.compute.internal;60;1440013511;620684;250838876;99.75;0;182944648;72204740;28.71;201992784;43997064;921420
ip-10-145-11-135.us-west-1.compute.internal;60;1440013571;613648;250845912;99.76;0;180083288;75051808;29.85;206820804;39197180;342356
ip-10-145-11-135.us-west-1.compute.internal;60;1440013631;623740;250835820;99.75;0;177751972;77385176;30.77;208840108;37163568;1613608
ip-10-145-11-135.us-west-1.compute.internal;60;1440013691;616688;250842872;99.75;0;173816380;81389024;32.37;202845948;43178268;1526452
ip-10-145-11-135.us-west-1.compute.internal;60;1440013751;631164;250828396;99.75;0;170009300;85191160;33.88;205014480;40998788;1276844
ip-10-145-11-135.us-west-1.compute.internal;60;1440013811;620536;250839024;99.75;0;166594520;88562748;35.22;202506796;43533692;369336
ip-10-145-11-135.us-west-1.compute.internal;60;1440013871;639148;250820412;99.75;0;165266656;89927104;35.76;204380112;41669208;695016
ip-10-145-11-135.us-west-1.compute.internal;60;1440013931;1383944;250075616;99.45;0;163955704;90500292;35.99;203675824;41664932;796032
ip-10-145-11-135.us-west-1.compute.internal;60;1440013991;630716;250828844;99.75;0;163383348;91899596;36.55;205827088;40290812;584544
ip-10-145-11-135.us-west-1.compute.internal;60;1440014051;615056;250844504;99.76;0;161967416;93349464;37.12;200502212;45666296;394844
ip-10-145-11-135.us-west-1.compute.internal;60;1440014111;623148;250836412;99.75;0;161930304;93438932;37.16;198744400;47459208;936904
ip-10-145-11-135.us-west-1.compute.internal;60;1440014171;2793776;248665784;98.89;0;161267492;91850720;36.53;196621888;47435488;1244044
ip-10-145-11-135.us-west-1.compute.internal;60;1440014231;624708;250834852;99.75;0;163433916;91896012;36.55;199788228;46485120;650744
ip-10-145-11-135.us-west-1.compute.internal;60;1440014291;619676;250839884;99.75;0;163140912;92192792;36.66;199690888;46602164;220332
ip-10-145-11-135.us-west-1.compute.internal;60;1440014351;623508;250836052;99.75;0;162379400;93003880;36.99;203689264;42627748;625296
ip-10-145-11-135.us-west-1.compute.internal;60;1440014411;635708;250823852;99.75;0;160326812;95103860;37.82;202028884;44325476;441248
ip-10-145-11-135.us-west-1.compute.internal;60;1440014471;627456;250832104;99.75;0;158861184;96560276;38.40;203962424;42401432;345776
ip-10-145-11-135.us-west-1.compute.internal;60;1440014531;643116;250816444;99.74;0;157460896;98030520;38.98;206063812;40343280;340680
ip-10-145-11-135.us-west-1.compute.internal;60;1440014591;632556;250827004;99.75;0;157700740;97814224;38.90;210706744;35737500;64832
ip-10-145-11-135.us-west-1.compute.internal;60;1440014651;629896;250829664;99.75;0;156499092;99032580;39.38;203123984;43354920;1311588
ip-10-145-11-135.us-west-1.compute.internal;60;1440014711;654484;250805076;99.74;0;155752260;99827488;39.70;194692216;51787248;1027500
ip-10-145-11-135.us-west-1.compute.internal;60;1440014771;624080;250835480;99.75;0;153281208;102386448;40.72;191616352;54926484;795760
ip-10-145-11-135.us-west-1.compute.internal;60;1440014831;1671172;249788388;99.34;0;151595192;103004136;40.96;192085600;53416736;395416
ip-10-145-11-135.us-west-1.compute.internal;60;1440014891;43489412;207970148;82.71;0;166476592;46434276;18.47;161528508;42256048;1825708
ip-10-145-11-135.us-west-1.compute.internal;60;1440014951;27843244;223616316;88.93;0;180673636;47867460;19.04;176277900;43157964;1464924
ip-10-145-11-135.us-west-1.compute.internal;60;1440015011;19058552;232401008;92.42;0;190000136;47278200;18.80;184067272;44152632;1345852
ip-10-145-11-135.us-west-1.compute.internal;60;1440015071;7323288;244136272;97.09;0;202023412;46954792;18.67;188100296;51854260;1537360
ip-10-145-11-135.us-west-1.compute.internal;60;1440015131;656616;250802944;99.74;0;208519744;47167084;18.76;181623704;65035504;2357732
ip-10-145-11-135.us-west-1.compute.internal;60;1440015191;2902340;248557220;98.85;0;208269332;45131536;17.95;181011156;63381156;1299508
ip-10-145-11-135.us-west-1.compute.internal;60;1440015251;642528;250817032;99.74;0;211690812;43953684;17.48;183081476;63549324;1050436
ip-10-145-11-135.us-west-1.compute.internal;60;1440015311;628032;250831528;99.75;0;212225756;43385700;17.25;181024124;65569300;1417340
ip-10-145-11-135.us-west-1.compute.internal;60;1440015371;1659620;249799940;99.34;0;210103796;44431428;17.67;189654248;55901488;1103592
ip-10-145-11-135.us-west-1.compute.internal;60;1440015431;650072;250809488;99.74;0;210528340;45095028;17.93;192211912;54384576;1053480
ip-10-145-11-135.us-west-1.compute.internal;60;1440015491;605720;250853840;99.76;0;210928516;44709824;17.78;193170084;53456288;1916636
ip-10-145-11-135.us-west-1.compute.internal;60;1440015551;622488;250837072;99.75;0;209142744;46613612;18.54;194445984;52188988;332448
ip-10-145-11-135.us-west-1.compute.internal;60;1440015611;668224;250791336;99.73;0;207232344;48467432;19.27;191443352;55135536;1770920
ip-10-145-11-135.us-west-1.compute.internal;60;1440015671;653892;250805668;99.74;0;206478916;49298516;19.60;192624896;53968244;643908
ip-10-145-11-135.us-west-1.compute.internal;60;1440015731;9627624;241831936;96.17;0;211793152;35040648;13.93;193072484;44552140;662776
ip-10-145-11-135.us-west-1.compute.internal;60;1440015791;1555084;249904476;99.38;0;216405344;38481216;15.30;198146444;47550768;1129652
ip-10-145-11-135.us-west-1.compute.internal;60;1440015851;622800;250836760;99.75;0;217539688;38303032;15.23;196850396;49774024;655208
ip-10-145-11-135.us-west-1.compute.internal;60;1440015911;2661016;248798544;98.94;0;215754472;38014144;15.12;202668920;41935376;392724
ip-10-145-11-135.us-west-1.compute.internal;60;1440015971;4432816;247026744;98.24;0;213922768;38038512;15.13;204939964;37885656;435536
ip-10-145-11-135.us-west-1.compute.internal;60;1440016031;6118908;245340652;97.57;0;214695868;35613160;14.16;205857924;35304516;286716
ip-10-145-11-135.us-west-1.compute.internal;60;1440016091;1004920;250454640;99.60;0;217804556;37494176;14.91;206872920;39395776;2299596
ip-10-145-11-135.us-west-1.compute.internal;60;1440016151;3946728;247512832;98.43;0;215267508;37078164;14.75;205248604;38052724;617840
ip-10-145-11-135.us-west-1.compute.internal;60;1440016211;882296;250577264;99.65;0;216565476;38833024;15.44;210482012;35886912;404100
ip-10-145-11-135.us-west-1.compute.internal;60;1440016271;632180;250827380;99.75;0;215603800;40071460;15.94;206613772;40029792;181648
ip-10-145-11-135.us-west-1.compute.internal;60;1440016331;2239996;249219564;99.11;0;211160400;42908268;17.06;207720180;37282448;673576
ip-10-145-11-135.us-west-1.compute.internal;60;1440016391;627808;250831752;99.75;0;210562372;45140260;17.95;207719504;38905540;484116
ip-10-145-11-135.us-west-1.compute.internal;60;1440016451;1260188;250199372;99.50;0;207730284;47361936;18.83;200635824;45355232;863372
ip-10-145-11-135.us-west-1.compute.internal;60;1440016511;1069076;250390484;99.57;0;205146772;50147788;19.94;208716764;37494836;2051704
ip-10-145-11-135.us-west-1.compute.internal;60;1440016571;616848;250842712;99.75;0;202062444;53724644;21.37;205414004;41223308;1396512
ip-10-145-11-135.us-west-1.compute.internal;60;1440016631;3380080;248079480;98.66;0;198374460;54552536;21.69;206605352;37266468;1349668
ip-10-145-11-135.us-west-1.compute.internal;60;1440016691;837680;250621880;99.67;0;198243524;57224068;22.76;209044404;37355180;995224
ip-10-145-11-135.us-west-1.compute.internal;60;1440016751;640392;250819168;99.75;0;196185728;59505624;23.66;206799616;39805932;579300
ip-10-145-11-135.us-west-1.compute.internal;60;1440016811;1171816;250287744;99.53;0;193932504;61302672;24.38;206232220;39861212;575148
ip-10-145-11-135.us-west-1.compute.internal;60;1440016871;628272;250831288;99.75;0;191448008;64308060;25.57;204775660;41856148;1473240
ip-10-145-11-135.us-west-1.compute.internal;60;1440016931;926776;250532784;99.63;0;188686836;66749196;26.54;199578076;46769728;3061972
ip-10-145-11-135.us-west-1.compute.internal;60;1440016991;3054368;248405192;98.79;0;186195596;67060044;26.67;200375184;43818268;648408
ip-10-145-11-135.us-west-1.compute.internal;60;1440017051;643076;250816484;99.74;0;188278736;67390232;26.80;204745040;41870756;889308
ip-10-145-11-135.us-west-1.compute.internal;60;1440017111;624948;250834612;99.75;0;185580444;70175012;27.91;204859220;41759208;1078500
ip-10-145-11-135.us-west-1.compute.internal;60;1440017171;641052;250818508;99.75;0;183012200;72749996;28.93;207472904;39141764;1222636
ip-10-145-11-135.us-west-1.compute.internal;60;1440017231;657820;250801740;99.74;0;182523732;73194012;29.11;211977240;34632700;711540
ip-10-145-11-135.us-west-1.compute.internal;60;1440017291;615024;250844536;99.76;0;182989384;72848616;28.97;209373944;37269376;430736
ip-10-145-11-135.us-west-1.compute.internal;60;1440017351;2055496;249404064;99.18;0;180360968;73956968;29.41;206475256;38702320;1104996
ip-10-145-11-135.us-west-1.compute.internal;60;1440017411;640264;250819296;99.75;0;179910964;75846016;30.16;207236028;39382672;1388456
ip-10-145-11-135.us-west-1.compute.internal;60;1440017471;666080;250793480;99.74;0;178080508;77694028;30.90;203698236;42890324;1106340
ip-10-145-11-135.us-west-1.compute.internal;60;1440017531;9090500;242369060;96.38;0;185498268;61792632;24.57;207905812;30270168;683968
ip-10-145-11-135.us-west-1.compute.internal;60;1440017591;615684;250843876;99.76;0;192092632;63687884;25.33;206267964;40405740;1932020
ip-10-145-11-135.us-west-1.compute.internal;60;1440017651;639184;250820376;99.75;0;191166240;64596904;25.69;206270004;40377036;904036
ip-10-145-11-135.us-west-1.compute.internal;60;1440017711;643412;250816148;99.74;0;188753904;67073480;26.67;199726096;46927216;1024844
ip-10-145-11-135.us-west-1.compute.internal;60;1440017771;1275492;250184068;99.49;0;187030940;68130536;27.09;199606104;46445740;1180904
ip-10-145-11-135.us-west-1.compute.internal;60;1440017831;1688416;249771144;99.33;0;186010608;68622448;27.29;207425360;38186448;284784
ip-10-145-11-135.us-west-1.compute.internal;60;1440017891;695232;250764328;99.72;0;184953796;70751648;28.14;206493460;40122920;449244
ip-10-145-11-135.us-west-1.compute.internal;60;1440017951;3560880;247898680;98.58;0;183848640;68962224;27.42;206838600;36897044;242272
ip-10-145-11-135.us-west-1.compute.internal;60;1440018011;30560652;220898908;87.85;0;184903196;40904628;16.27;184520504;32287840;199040
ip-10-145-11-135.us-west-1.compute.internal;60;1440018071;23601040;227858520;90.61;0;189814800;42967868;17.09;200622788;23151828;336328
ip-10-145-11-135.us-west-1.compute.internal;60;1440018131;19863536;231596024;92.10;0;193489804;43077096;17.13;204514556;23029556;149224
ip-10-145-11-135.us-west-1.compute.internal;60;1440018191;19838724;231620836;92.11;0;194364660;42205048;16.78;206697020;20898144;109356
ip-10-145-11-135.us-west-1.compute.internal;60;1440018251;15758760;235700800;93.73;0;197493680;43219628;17.19;209808976;21888924;118300
ip-10-145-11-135.us-west-1.compute.internal;60;1440018311;15088764;236370796;94.00;0;199377220;42058196;16.73;210843564;21537872;100168
ip-10-145-11-135.us-west-1.compute.internal;60;1440018371;11575104;239884456;95.40;0;202175000;42736600;17.00;213778888;22143780;527980
ip-10-145-11-135.us-west-1.compute.internal;60;1440018431;10786116;240673444;95.71;0;204393676;41256832;16.41;214141092;22590244;172384
ip-10-145-11-135.us-west-1.compute.internal;60;1440018491;11061476;240398084;95.60;0;206226272;39207776;15.59;213706124;22769192;1247364
ip-10-145-11-135.us-west-1.compute.internal;60;1440018551;4484240;246975320;98.22;0;210816044;41252424;16.41;217205860;25849528;833644
ip-10-145-11-135.us-west-1.compute.internal;60;1440018611;8887328;242572232;96.47;0;208946484;38687744;15.39;216906736;21767100;579832
ip-10-145-11-135.us-west-1.compute.internal;60;1440018671;5981072;245478488;97.62;0;211646884;38942304;15.49;217536224;24093652;1656972
ip-10-145-11-135.us-west-1.compute.internal;60;1440018731;7077552;244382008;97.19;0;210184328;39315104;15.63;221364752;19189828;905368
ip-10-145-11-135.us-west-1.compute.internal;60;1440018791;20200116;231259444;91.97;0;213829648;22583408;8.98;207644292;19841980;727708
ip-10-145-11-135.us-west-1.compute.internal;60;1440018851;22983168;228476392;90.86;0;214134784;19525456;7.76;205507852;19246760;934020
ip-10-145-11-135.us-west-1.compute.internal;60;1440018911;27328512;224131048;89.13;0;213159148;16195716;6.44;202710524;17747192;142460
ip-10-145-11-135.us-west-1.compute.internal;60;1440018971;34056328;217403232;86.46;0;209907460;12762288;5.08;198926760;14881720;33948
ip-10-145-11-135.us-west-1.compute.internal;60;1440019031;32739076;218720484;86.98;0;210305624;13690944;5.44;199929404;15217000;164032
ip-10-145-11-135.us-west-1.compute.internal;60;1440019091;35431860;216027700;85.91;0;209183092;12145352;4.83;198371280;14106064;85876
ip-10-145-11-135.us-west-1.compute.internal;60;1440019151;37142796;214316764;85.23;0;209255328;10409428;4.14;196969540;13846712;40
ip-10-145-11-135.us-west-1.compute.internal;60;1440019211;36128244;215331316;85.63;0;209754616;10926292;4.35;198480428;13329712;121648
ip-10-145-11-135.us-west-1.compute.internal;60;1440019271;35655792;215803768;85.82;0;210111576;11032264;4.39;199449292;12832688;27720
ip-10-145-11-135.us-west-1.compute.internal;60;1440019331;36713356;214746204;85.40;0;210165728;9966996;3.96;198409956;12809336;217728
ip-10-145-11-135.us-west-1.compute.internal;60;1440019391;33026012;218433548;86.87;0;212457196;11319932;4.50;199926256;14998340;981988
ip-10-145-11-135.us-west-1.compute.internal;60;1440019451;37562904;213896656;85.06;0;210345896;8916476;3.55;197674840;12760436;1800
ip-10-145-11-135.us-west-1.compute.internal;60;1440019511;37568780;213890780;85.06;0;210341684;8916136;3.55;197673760;12756888;52
ip-10-145-11-135.us-west-1.compute.internal;60;1440019571;37310900;214148660;85.16;0;210602816;8898532;3.54;198317416;12357196;426788
ip-10-145-11-135.us-west-1.compute.internal;60;1440019631;37099376;214360184;85.25;0;210813768;8898680;3.54;198980676;11902940;13860
ip-10-145-11-135.us-west-1.compute.internal;60;1440019691;37026460;214433100;85.28;0;210869400;8925160;3.55;199022908;11940972;392
ip-10-145-11-135.us-west-1.compute.internal;60;1440019751;37027748;214431812;85.27;0;210869516;8925200;3.55;199038632;11922672;79000
ip-10-145-11-135.us-west-1.compute.internal;60;1440019811;37027132;214432428;85.28;0;210869592;8925500;3.55;199063764;11897468;244
ip-10-145-11-135.us-west-1.compute.internal;60;1440019871;37014828;214444732;85.28;0;210882468;8925500;3.55;199067132;11910376;0
ip-10-145-11-135.us-west-1.compute.internal;60;1440019931;36809824;214649736;85.36;0;211097688;8901212;3.54;199596044;11571796;220220
ip-10-145-11-135.us-west-1.compute.internal;60;1440019991;36569876;214889684;85.46;0;211325260;8925292;3.55;200133332;11286480;207068
ip-10-145-11-135.us-west-1.compute.internal;60;1440020051;36580792;214878768;85.45;0;211315660;8925728;3.55;200147720;11262492;1956
ip-10-145-11-135.us-west-1.compute.internal;60;1440020111;36574648;214884912;85.46;0;211315728;8926052;3.55;200149780;11262156;904
ip-10-145-11-135.us-west-1.compute.internal;60;1440020171;36572768;214886792;85.46;0;211315796;8925676;3.55;200156188;11257492;528
ip-10-145-11-135.us-west-1.compute.internal;60;1440020231;36560672;214898888;85.46;0;211328484;8925376;3.55;200156216;11270376;0
ip-10-145-11-135.us-west-1.compute.internal;60;1440020291;36366600;215092960;85.54;0;211535604;8898336;3.54;200646436;10959924;255404
ip-10-145-11-135.us-west-1.compute.internal;60;1440020351;36184208;215275352;85.61;0;211712284;8924732;3.55;201060520;10745140;106132
ip-10-145-11-135.us-west-1.compute.internal;60;1440020411;36176292;215283268;85.61;0;211717676;8925288;3.55;201071064;10737880;0
ip-10-145-11-135.us-west-1.compute.internal;60;1440020471;36172872;215286688;85.61;0;211717716;8925272;3.55;201076540;10737852;0
ip-10-145-11-135.us-west-1.compute.internal;60;1440020531;36171800;215287760;85.62;0;211717776;8925344;3.55;201077268;10737936;0
ip-10-145-11-135.us-west-1.compute.internal;60;1440020591;36174216;215285344;85.61;0;211715780;8925728;3.55;201076704;10737316;0
ip-10-145-11-135.us-west-1.compute.internal;60;1440020651;35986480;215473080;85.69;0;211917780;8897452;3.54;201487548;10499604;183932
ip-10-145-11-135.us-west-1.compute.internal;60;1440020711;35808812;215650748;85.76;0;212081964;8925524;3.55;201852864;10323944;35264
ip-10-145-11-135.us-west-1.compute.internal;60;1440020771;35803308;215656252;85.76;0;212088872;8925228;3.55;201856372;10327828;41832
ip-10-145-11-135.us-west-1.compute.internal;60;1440020831;35798020;215661540;85.76;0;212088936;8925768;3.55;201895412;10287244;49592
ip-10-145-11-135.us-west-1.compute.internal;60;1440020891;35796936;215662624;85.76;0;212088984;8926240;3.55;201903176;10284424;216
ip-10-145-11-135.us-west-1.compute.internal;60;1440020951;35802824;215656736;85.76;0;212085588;8925984;3.55;201900440;10280896;8
ip-10-145-11-135.us-west-1.compute.internal;60;1440021011;35622504;215837056;85.83;0;212282544;8898216;3.54;202229404;10121088;267024
ip-10-145-11-135.us-west-1.compute.internal;60;1440021071;35404788;216054772;85.92;0;212464740;8925148;3.55;202553744;10005004;17668
ip-10-145-11-135.us-west-1.compute.internal;60;1440021131;35407112;216052448;85.92;0;212464140;8925280;3.55;202545484;10013408;0
ip-10-145-11-135.us-west-1.compute.internal;60;1440021191;35403644;216055916;85.92;0;212464204;8925184;3.55;202546848;10013464;0
ip-10-145-11-135.us-west-1.compute.internal;60;1440021251;35405028;216054532;85.92;0;212464288;8926116;3.55;202544544;10013460;8
ip-10-145-11-135.us-west-1.compute.internal;60;1440021311;35406792;216052768;85.92;0;212460504;8925848;3.55;202547644;10009632;0
ip-10-145-11-135.us-west-1.compute.internal;60;1440021371;35203552;216256008;86.00;0;212657116;8898636;3.54;202889684;9837348;338364
ip-10-145-11-135.us-west-1.compute.internal;60;1440021431;35012044;216447516;86.08;0;212819416;8925188;3.55;203153824;9758384;185552
ip-10-145-11-135.us-west-1.compute.internal;60;1440021491;34997172;216462388;86.08;0;212833372;8925676;3.55;203171688;9757648;0
ip-10-145-11-135.us-west-1.compute.internal;60;1440021551;34995748;216463812;86.08;0;212833456;8926112;3.55;203172084;9757192;24
ip-10-145-11-135.us-west-1.compute.internal;60;1440021611;34995460;216464100;86.08;0;212833536;8925680;3.55;203172116;9757168;20
ip-10-145-11-135.us-west-1.compute.internal;60;1440021671;35006764;216452796;86.08;0;212822356;8926164;3.55;203163748;9754868;36
ip-10-145-11-135.us-west-1.compute.internal;60;1440021731;34786024;216673536;86.17;0;213038792;8898116;3.54;203455836;9651332;278008
ip-10-145-11-135.us-west-1.compute.internal;60;1440021791;34630268;216829292;86.23;0;213174352;8897800;3.54;203700684;9545136;74272
ip-10-145-11-135.us-west-1.compute.internal;60;1440021851;34610176;216849384;86.24;0;213187132;8924780;3.55;203718956;9562448;31024
ip-10-145-11-135.us-west-1.compute.internal;60;1440021911;34604464;216855096;86.24;0;213187192;8925264;3.55;203724184;9559468;70912
ip-10-145-11-135.us-west-1.compute.internal;60;1440021971;34604424;216855136;86.24;0;213187260;8926560;3.55;203763440;9520480;0
ip-10-145-11-135.us-west-1.compute.internal;60;1440022031;34590788;216868772;86.24;0;213200228;8925820;3.55;203764452;9533360;0
ip-10-145-11-135.us-west-1.compute.internal;60;1440022091;34396680;217062880;86.32;0;213388872;8897684;3.54;203995716;9464280;323352
ip-10-145-11-135.us-west-1.compute.internal;60;1440022151;34247228;217212332;86.38;0;213524896;8898260;3.54;204201504;9393276;168448
ip-10-145-11-135.us-west-1.compute.internal;60;1440022211;34196348;217263212;86.40;0;213565580;8925280;3.55;204245816;9413780;32
ip-10-145-11-135.us-west-1.compute.internal;60;1440022271;34192492;217267068;86.40;0;213565652;8924916;3.55;204246876;9413764;0
ip-10-145-11-135.us-west-1.compute.internal;60;1440022331;34194504;217265056;86.40;0;213565720;8925332;3.55;204246468;9413756;0
ip-10-145-11-135.us-west-1.compute.internal;60;1440022391;34205048;217254512;86.40;0;213554212;8924448;3.55;204238620;9409976;0
ip-10-145-11-135.us-west-1.compute.internal;60;1440022451;34006152;217453408;86.48;0;213753016;8897588;3.54;204505620;9316152;19996
ip-10-145-11-135.us-west-1.compute.internal;60;1440022511;33806412;217653148;86.56;0;213915864;8921968;3.55;204704656;9297860;122572
ip-10-145-11-135.us-west-1.compute.internal;60;1440022571;33808636;217650924;86.56;0;213927372;8925392;3.55;204721804;9301060;2624
ip-10-145-11-135.us-west-1.compute.internal;60;1440022631;33805544;217654016;86.56;0;213927552;8925488;3.55;204718948;9300952;6936
ip-10-145-11-135.us-west-1.compute.internal;60;1440022691;33805708;217653852;86.56;0;213927624;8925380;3.55;204749188;9274952;0
ip-10-145-11-135.us-west-1.compute.internal;60;1440022751;33810572;217648988;86.55;0;213924228;8925192;3.55;204748620;9271404;24
ip-10-145-11-135.us-west-1.compute.internal;60;1440022811;33616376;217843184;86.63;0;214119280;8899008;3.54;204969352;9218020;160820
ip-10-145-11-135.us-west-1.compute.internal;60;1440022871;33418892;218040668;86.71;0;214292620;8924828;3.55;205175076;9211260;32412
ip-10-145-11-135.us-west-1.compute.internal;60;1440022931;33427332;218032228;86.71;0;214284404;8925328;3.55;205176472;9201544;70280
ip-10-145-11-135.us-west-1.compute.internal;60;1440022991;33424292;218035268;86.71;0;214284472;8925548;3.55;205210060;9168584;80484
ip-10-145-11-135.us-west-1.compute.internal;60;1440023051;33422424;218037136;86.71;0;214284628;8926080;3.55;205218716;9159700;544
ip-10-145-11-135.us-west-1.compute.internal;60;1440023111;33424904;218034656;86.71;0;214280968;8925596;3.55;205219384;9155888;12
ip-10-145-11-135.us-west-1.compute.internal;60;1440023171;33213688;218245872;86.79;0;214498220;8898188;3.54;205437524;9131076;382868
ip-10-145-11-135.us-west-1.compute.internal;60;1440023231;33093152;218366408;86.84;0;214607792;8898564;3.54;205601312;9075840;6116
ip-10-145-11-135.us-west-1.compute.internal;60;1440023291;33035748;218423812;86.86;0;214649280;8924436;3.55;205621468;9122684;6472
ip-10-145-11-135.us-west-1.compute.internal;60;1440023351;33035208;218424352;86.86;0;214651180;8923612;3.55;205622560;9123928;7064
ip-10-145-11-135.us-west-1.compute.internal;60;1440023411;33032992;218426568;86.86;0;214651784;8924572;3.55;205649432;9097640;52
ip-10-145-11-135.us-west-1.compute.internal;60;1440023471;33034084;218425476;86.86;0;214648864;8924696;3.55;205651448;9094708;0
ip-10-145-11-135.us-west-1.compute.internal;60;1440023531;32842284;218617276;86.94;0;214842900;8896988;3.54;205867720;9044600;314720
ip-10-145-11-135.us-west-1.compute.internal;60;1440023591;32706468;218753092;86.99;0;214971436;8897328;3.54;206017012;9022436;221744
ip-10-145-11-135.us-west-1.compute.internal;60;1440023651;32644928;218814632;87.02;0;215020660;8925912;3.55;206047776;9067764;792
ip-10-145-11-135.us-west-1.compute.internal;60;1440023711;32638360;218821200;87.02;0;215020712;8926124;3.55;206048296;9067492;0
ip-10-145-11-135.us-west-1.compute.internal;60;1440023771;32640284;218819276;87.02;0;215020776;8925764;3.55;206051248;9067452;0
ip-10-145-11-135.us-west-1.compute.internal;60;1440023831;32643856;218815704;87.02;0;215017344;8925792;3.55;206050716;9063964;0
ip-10-145-11-135.us-west-1.compute.internal;60;1440023891;32466300;218993260;87.09;0;215200688;8898192;3.54;206283004;8986048;277076
ip-10-145-11-135.us-west-1.compute.internal;60;1440023951;32328552;219131008;87.14;0;215330448;8898356;3.54;206442588;8958328;271020
ip-10-145-11-135.us-west-1.compute.internal;60;1440024011;32260184;219199376;87.17;0;215384960;8925580;3.55;206469156;9010128;824
ip-10-145-11-135.us-west-1.compute.internal;60;1440024071;32258192;219201368;87.17;0;215385032;8925288;3.55;206470284;9010160;368
ip-10-145-11-135.us-west-1.compute.internal;60;1440024131;32257544;219202016;87.17;0;215385080;8925604;3.55;206471900;9010180;352
ip-10-145-11-135.us-west-1.compute.internal;60;1440024191;32259312;219200248;87.17;0;215383800;8924988;3.55;206470100;9010840;4
ip-10-145-11-135.us-west-1.compute.internal;60;1440024251;32093580;219365980;87.24;0;215556260;8897452;3.54;206671072;8954840;94428
ip-10-145-11-135.us-west-1.compute.internal;60;1440024311;31938424;219521136;87.30;0;215703008;8898388;3.54;206841992;8931056;56156
ip-10-145-11-135.us-west-1.compute.internal;60;1440024371;31884516;219575044;87.32;0;215746872;8924504;3.55;206892840;8948268;0
ip-10-145-11-135.us-west-1.compute.internal;60;1440024431;31880592;219578968;87.32;0;215746952;8926212;3.55;206893916;8948332;8
ip-10-145-11-135.us-west-1.compute.internal;60;1440024491;31879776;219579784;87.32;0;215747012;8926308;3.55;206896300;8948372;0
ip-10-145-11-135.us-west-1.compute.internal;60;1440024551;31886304;219573256;87.32;0;215740336;8926100;3.55;206880884;8955528;24
ip-10-145-11-135.us-west-1.compute.internal;60;1440024611;31715784;219743776;87.39;0;215914328;8897672;3.54;207072300;8911536;31940
ip-10-145-11-135.us-west-1.compute.internal;60;1440024671;31565116;219894444;87.45;0;216059380;8898012;3.54;207255328;8874848;60900
ip-10-145-11-135.us-west-1.compute.internal;60;1440024731;31514016;219945544;87.47;0;216097640;8924824;3.55;207275884;8915124;116692
ip-10-145-11-135.us-west-1.compute.internal;60;1440024791;31512860;219946700;87.47;0;216097816;8925736;3.55;207287524;8907876;24788
ip-10-145-11-135.us-west-1.compute.internal;60;1440024851;31510668;219948892;87.47;0;216097892;8926268;3.55;207320672;8873092;43656
ip-10-145-11-135.us-west-1.compute.internal;60;1440024911;31512948;219946612;87.47;0;216094580;8926484;3.55;207321668;8869612;3912
ip-10-145-11-135.us-west-1.compute.internal;60;1440024971;31355676;220103884;87.53;0;216260884;8898676;3.54;207469132;8860204;118076
ip-10-145-11-135.us-west-1.compute.internal;60;1440025031;31214036;220245524;87.59;0;216395648;8898976;3.54;207622280;8844208;347728
ip-10-145-11-135.us-west-1.compute.internal;60;1440025091;31134088;220325472;87.62;0;216464680;8924960;3.55;207677756;8882992;2040
ip-10-145-11-135.us-west-1.compute.internal;60;1440025151;31130072;220329488;87.62;0;216465680;8924864;3.55;207676904;8882560;24
ip-10-145-11-135.us-west-1.compute.internal;60;1440025211;31128372;220331188;87.62;0;216465780;8924960;3.55;207677892;8882604;44
ip-10-145-11-135.us-west-1.compute.internal;60;1440025271;31131264;220328296;87.62;0;216462416;8926000;3.55;207680168;8879004;4532
ip-10-145-11-135.us-west-1.compute.internal;60;1440025331;30970364;220489196;87.68;0;216631784;8898448;3.54;207864196;8837120;389732
ip-10-145-11-135.us-west-1.compute.internal;60;1440025391;30851324;220608236;87.73;0;216743560;8898964;3.54;208009760;8803256;465680
ip-10-145-11-135.us-west-1.compute.internal;60;1440025451;30747628;220711932;87.77;0;216835028;8924932;3.55;208080076;8849576;75280
ip-10-145-11-135.us-west-1.compute.internal;60;1440025511;30745724;220713836;87.77;0;216835080;8925560;3.55;208081596;8847696;740
ip-10-145-11-135.us-west-1.compute.internal;60;1440025571;30743908;220715652;87.77;0;216835148;8925980;3.55;208083996;8846780;548
ip-10-145-11-135.us-west-1.compute.internal;60;1440025631;30758280;220701280;87.77;0;216821668;8926064;3.55;208079244;8838900;4272
ip-10-145-11-135.us-west-1.compute.internal;60;1440025691;30564668;220894892;87.85;0;217017280;8898208;3.54;208265676;8820644;326628
ip-10-145-11-135.us-west-1.compute.internal;60;1440025751;30444296;221015264;87.89;0;217131100;8898072;3.54;208425612;8775180;352892
ip-10-145-11-135.us-west-1.compute.internal;60;1440025811;30365800;221093760;87.92;0;217197616;8925920;3.55;208475712;8815836;328
ip-10-145-11-135.us-west-1.compute.internal;60;1440025871;30364464;221095096;87.92;0;217198112;8926260;3.55;208479748;8816224;0
ip-10-145-11-135.us-west-1.compute.internal;60;1440025931;30361788;221097772;87.93;0;217198184;8925796;3.55;208479232;8816264;0
ip-10-145-11-135.us-west-1.compute.internal;60;1440025991;30370812;221088748;87.92;0;217189968;8925564;3.55;208467380;8819196;4176
ip-10-145-11-135.us-west-1.compute.internal;60;1440026051;30208076;221251484;87.99;0;217362860;8898244;3.54;208666176;8764696;298436
ip-10-145-11-135.us-west-1.compute.internal;60;1440026111;30073000;221386560;88.04;0;217489320;8898156;3.54;208794120;8765084;317228
ip-10-145-11-135.us-west-1.compute.internal;60;1440026171;30002568;221456992;88.07;0;217550480;8924160;3.55;208846080;8799108;93296
ip-10-145-11-135.us-west-1.compute.internal;60;1440026231;29997140;221462420;88.07;0;217550552;8925524;3.55;208851784;8793696;9016
ip-10-145-11-135.us-west-1.compute.internal;60;1440026291;29994400;221465160;88.07;0;217551000;8925348;3.55;208893728;8755628;18932
ip-10-145-11-135.us-west-1.compute.internal;60;1440026351;30000012;221459548;88.07;0;217547044;8925172;3.55;208891460;8751492;3472
